Protocollo;Gruppo;DataOraIncidente;Localizzazione1;STRADA1;Localizzazione2;STRADA2;Strada02;Chilometrica;DaSpecificare;NaturaIncidente;particolaritastrade;TipoStrada;FondoStradale;Pavimentazione;Segnaletica;CondizioneAtmosferica;Traffico;Visibilita;Illuminazione;NUM_FERITI;NUM_RISERVATA;NUM_MORTI;NUM_ILLESI;Longitudine;Latitudine;Confermato;Progressivo;TipoVeicolo;StatoVeicolo;TipoPersona;Sesso;Tipolesione;Deceduto;DecedutoDopo;CinturaCascoUtilizzato;Airbag
2458640;10;05/08/2015 19:15;Statale;VIA TUSCOLANA;da specificare;;;;fronte civico 1353 - direz. Frascati;Tamponamento Multiplo;Rettilineo;Due carreggiate;Asciutto;Asfaltata;Verticale ed orizzontale;Sereno;Normale;Buona;Ore Diurne;9;0;0;2;12.61664;41.83192;-1;1;Autovettura privata;In marcia / fermata / arresto;Conducente;M;Illeso;0;;Non accertato;Inesploso
2458640;10;05/08/2015 19:15;Statale;VIA TUSCOLANA;da specificare;;;;fronte civico 1353 - direz. Frascati;Tamponamento Multiplo;Rettilineo;Due carreggiate;Asciutto;Asfaltata;Verticale ed orizzontale;Sereno;Normale;Buona;Ore Diurne;9;0;0;2;12.61664;41.83192;-1;2;Autovettura privata;In marcia / fermata / arresto;Conducente;M;Rimandato;0;NON DECEDUTO;Non accertato;Inesploso
2458640;10;05/08/2015 19:15;Statale;VIA TUSCOLANA;da specificare;;;;fronte civico 1353 - direz. Frascati;Tamponamento Multiplo;Rettilineo;Due carreggiate;Asciutto;Asfaltata;Verticale ed orizzontale;Sereno;Normale;Buona;Ore Diurne;9;0;0;2;12.61664;41.83192;-1;2;Autovettura privata;In marcia / fermata / arresto;Passeggero;F;Rimandato;0;NON DECEDUTO;Non accertato;Inesploso
2458640;10;05/08/2015 19:15;Statale;VIA TUSCOLANA;da specificare;;;;fronte civico 1353 - direz. Frascati;Tamponamento Multiplo;Rettilineo;Due carreggiate;Asciutto;Asfaltata;Verticale ed orizzontale;Sereno;Normale;Buona;Ore Diurne;9;0;0;2;12.61664;41.83192;-1;2;Autovettura privata;In marcia / fermata / arresto;Passeggero;F;Rimandato;0;NON DECEDUTO;Non accertato;Inesploso
2458640;10;05/08/2015 19:15;Statale;VIA TUSCOLANA;da specificare;;;;fronte civico 1353 - direz. Frascati;Tamponamento Multiplo;Rettilineo;Due carreggiate;Asciutto;Asfaltata;Verticale ed orizzontale;Sereno;Normale;Buona;Ore Diurne;9;0;0;2;12.61664;41.83192;-1;2;Autovettura privata;In marcia / fermata / arresto;Passeggero;F;Rimandato;0;NON DECEDUTO;Non accertato;Inesploso
2458640;10;05/08/2015 19:15;Statale;VIA TUSCOLANA;da specificare;;;;fronte civico 1353 - direz. Frascati;Tamponamento Multiplo;Rettilineo;Due carreggiate;Asciutto;Asfaltata;Verticale ed orizzontale;Sereno;Normale;Buona;Ore Diurne;9;0;0;2;12.61664;41.83192;-1;2;Autovettura privata;In marcia / fermata / arresto;Passeggero;F;Rimandato;0;NON DECEDUTO;Non accertato;Inesploso
2458640;10;05/08/2015 19:15;Statale;VIA TUSCOLANA;da specificare;;;;fronte civico 1353 - direz. Frascati;Tamponamento Multiplo;Rettilineo;Due carreggiate;Asciutto;Asfaltata;Verticale ed orizzontale;Sereno;Normale;Buona;Ore Diurne;9;0;0;2;12.61664;41.83192;-1;2;Autovettura privata;In marcia / fermata / arresto;Passeggero;F;Rimandato;0;NON DECEDUTO;Non accertato;Inesploso
2458640;10;05/08/2015 19:15;Statale;VIA TUSCOLANA;da specificare;;;;fronte civico 1353 - direz. Frascati;Tamponamento Multiplo;Rettilineo;Due carreggiate;Asciutto;Asfaltata;Verticale ed orizzontale;Sereno;Normale;Buona;Ore Diurne;9;0;0;2;12.61664;41.83192;-1;2;Autovettura privata;In marcia / fermata / arresto;Passeggero;M;Rimandato;0;NON DECEDUTO;Non accertato;Inesploso
2458640;10;05/08/2015 19:15;Statale;VIA TUSCOLANA;da specificare;;;;fronte civico 1353 - direz. Frascati;Tamponamento Multiplo;Rettilineo;Due carreggiate;Asciutto;Asfaltata;Verticale ed orizzontale;Sereno;Normale;Buona;Ore Diurne;9;0;0;2;12.61664;41.83192;-1;2;Autovettura privata;In marcia / fermata / arresto;Passeggero;F;Rimandato;0;NON DECEDUTO;Non accertato;Inesploso
2458640;10;05/08/2015 19:15;Statale;VIA TUSCOLANA;da specificare;;;;fronte civico 1353 - direz. Frascati;Tamponamento Multiplo;Rettilineo;Due carreggiate;Asciutto;Asfaltata;Verticale ed orizzontale;Sereno;Normale;Buona;Ore Diurne;9;0;0;2;12.61664;41.83192;-1;2;Autovettura privata;In marcia / fermata / arresto;Passeggero;M;Rimandato;0;NON DECEDUTO;Non accertato;Inesploso
2458640;10;05/08/2015 19:15;Statale;VIA TUSCOLANA;da specificare;;;;fronte civico 1353 - direz. Frascati;Tamponamento Multiplo;Rettilineo;Due carreggiate;Asciutto;Asfaltata;Verticale ed orizzontale;Sereno;Normale;Buona;Ore Diurne;9;0;0;2;12.61664;41.83192;-1;3;Autovettura privata;In marcia / fermata / arresto;Conducente;M;Illeso;0;;Non accertato;Esploso
2458643;7;05/08/2015 19:30;Strada Urbana;VIALE PALMIRO TOGLIATTI;in prossimità;;del civico n.;1202;;Scontro laterale fra veicoli in marcia;Rettilineo;Una carreggiata a senso unico di marcia;Asciutto;Asfaltata;Orizzontale;Sereno;Normale;Buona;Ore Diurne;1;0;0;0;12.57576;41.89772;-1;1;Motociclo con passeggero;In marcia / fermata / arresto;Conducente;M;Rimandato;0;NON DECEDUTO;Non accertato;
2458646;10;06/08/2015 01:25;Strada Urbana;VIALE MARCO FULVIO NOBILIORE;all'intersezione con;VIA GIUSEPPE SALVIOLI;VIA GIUSEPPE SALVIOLI;;;Scontro frontale/laterale SX fra veicoli in marcia;Incrocio;Due carreggiate;Asciutto;Asfaltata;Verticale ed orizzontale;Sereno;Scarso;Buona;Sufficiente;2;0;0;2;12.56617;41.86076;-1;1;Autovettura privata;In marcia / fermata / arresto;Conducente;M;Illeso;0;;Non accertato;Inesploso
2458646;10;06/08/2015 01:25;Strada Urbana;VIALE MARCO FULVIO NOBILIORE;all'intersezione con;VIA GIUSEPPE SALVIOLI;VIA GIUSEPPE SALVIOLI;;;Scontro frontale/laterale SX fra veicoli in marcia;Incrocio;Due carreggiate;Asciutto;Asfaltata;Verticale ed orizzontale;Sereno;Scarso;Buona;Sufficiente;2;0;0;2;12.56617;41.86076;-1;1;Autovettura privata;In marcia / fermata / arresto;Passeggero;F;Rimandato;0;NON DECEDUTO;Non accertato;Inesploso
2458646;10;06/08/2015 01:25;Strada Urbana;VIALE MARCO FULVIO NOBILIORE;all'intersezione con;VIA GIUSEPPE SALVIOLI;VIA GIUSEPPE SALVIOLI;;;Scontro frontale/laterale SX fra veicoli in marcia;Incrocio;Due carreggiate;Asciutto;Asfaltata;Verticale ed orizzontale;Sereno;Scarso;Buona;Sufficiente;2;0;0;2;12.56617;41.86076;-1;2;Autovettura privata;In marcia / fermata / arresto;Conducente;M;Illeso;0;;Non accertato;Esploso
2458646;10;06/08/2015 01:25;Strada Urbana;VIALE MARCO FULVIO NOBILIORE;all'intersezione con;VIA GIUSEPPE SALVIOLI;VIA GIUSEPPE SALVIOLI;;;Scontro frontale/laterale SX fra veicoli in marcia;Incrocio;Due carreggiate;Asciutto;Asfaltata;Verticale ed orizzontale;Sereno;Scarso;Buona;Sufficiente;2;0;0;2;12.56617;41.86076;-1;2;Autovettura privata;In marcia / fermata / arresto;Passeggero;M;Rimandato;0;NON DECEDUTO;Non accertato;Inesploso
2458647;15;05/08/2015 15:45;Strada Urbana;VIA DEL TRULLO;in corrispondenza;;del civico n.;129;;Scontro laterale fra veicoli in marcia;Rettilineo;Due carreggiate;Asciutto;Asfaltata;Orizzontale;Sereno;Normale;Buona;Ore Diurne;1;0;0;1;12.43593;41.84844;-1;1;Autovettura privata;In marcia / fermata / arresto;Conducente;F;Illeso;0;;Non accertato;Inesploso
2458647;15;05/08/2015 15:45;Strada Urbana;VIA DEL TRULLO;in corrispondenza;;del civico n.;129;;Scontro laterale fra veicoli in marcia;Rettilineo;Due carreggiate;Asciutto;Asfaltata;Orizzontale;Sereno;Normale;Buona;Ore Diurne;1;0;0;1;12.43593;41.84844;-1;2;Motociclo a solo;In marcia / fermata / arresto;Conducente;M;Rimandato;0;NON DECEDUTO;Non accertato;
2458661;19;05/08/2015 15:50;Strada Urbana;VIA PIEVE DI CADORE;all'intersezione con;PIAZZA PASSO DEL PORDOI;PIAZZA PASSO DEL PORDOI;;;Scontro laterale fra veicoli in marcia;Rotatoria;Una carreggiata a senso unico di marcia;Asciutto;Asfaltata;Verticale ed orizzontale;Sereno;Normale;Buona;Ore Diurne;1;0;0;1;12.43805;41.93967;-1;1;Autovettura privata;In marcia / fermata / arresto;Conducente;M;Illeso;0;;;
2458661;19;05/08/2015 15:50;Strada Urbana;VIA PIEVE DI CADORE;all'intersezione con;PIAZZA PASSO DEL PORDOI;PIAZZA PASSO DEL PORDOI;;;Scontro laterale fra veicoli in marcia;Rotatoria;Una carreggiata a senso unico di marcia;Asciutto;Asfaltata;Verticale ed orizzontale;Sereno;Normale;Buona;Ore Diurne;1;0;0;1;12.43805;41.93967;-1;2;Motociclo a solo;In marcia / fermata / arresto;Conducente;M;Rimandato;0;NON DECEDUTO;;
2458671;15;05/08/2015 21:05;Strada Urbana;VIA FRANCESCO GRIMALDI;in corrispondenza;;del civico n.;41;;Investimento di pedone;Rettilineo;Due carreggiate;Asciutto;Asfaltata;Verticale ed orizzontale;Sereno;Scarso;Buona;Insufficiente;1;0;0;1;12.46761;41.86462;-1;;;;Pedone;F;Ricoverato;0;NON DECEDUTO;;
2458671;15;05/08/2015 21:05;Strada Urbana;VIA FRANCESCO GRIMALDI;in corrispondenza;;del civico n.;41;;Investimento di pedone;Rettilineo;Due carreggiate;Asciutto;Asfaltata;Verticale ed orizzontale;Sereno;Scarso;Buona;Insufficiente;1;0;0;1;12.46761;41.86462;-1;1;Autovettura privata;In marcia / fermata / arresto;Conducente;M;Illeso;0;;;
2458679;19;05/08/2015 01:15;Provinciale;VIA BRACCIANENSE;all'intersezione con;VIA DELLA STAZIONE DI CESANO;VIA DELLA STAZIONE DI CESANO;;;Scontro frontale/laterale DX fra veicoli in marcia;Incrocio;Una carreggiata a doppio senso;Asciutto;Asfaltata;Verticale ed orizzontale;Sereno;Scarso;Insufficiente;Insufficiente;2;0;0;1;12.31536;42.03659;-1;1;Autovettura privata;In marcia / fermata / arresto;Conducente;M;Rimandato;0;NON DECEDUTO;Non accertato;Inesploso
2458679;19;05/08/2015 01:15;Provinciale;VIA BRACCIANENSE;all'intersezione con;VIA DELLA STAZIONE DI CESANO;VIA DELLA STAZIONE DI CESANO;;;Scontro frontale/laterale DX fra veicoli in marcia;Incrocio;Una carreggiata a doppio senso;Asciutto;Asfaltata;Verticale ed orizzontale;Sereno;Scarso;Insufficiente;Insufficiente;2;0;0;1;12.31536;42.03659;-1;1;Autovettura privata;In marcia / fermata / arresto;Passeggero;F;Rimandato;0;NON DECEDUTO;Non accertato;Inesploso
2458679;19;05/08/2015 01:15;Provinciale;VIA BRACCIANENSE;all'intersezione con;VIA DELLA STAZIONE DI CESANO;VIA DELLA STAZIONE DI CESANO;;;Scontro frontale/laterale DX fra veicoli in marcia;Incrocio;Una carreggiata a doppio senso;Asciutto;Asfaltata;Verticale ed orizzontale;Sereno;Scarso;Insufficiente;Insufficiente;2;0;0;1;12.31536;42.03659;-1;2;Autovettura privata;In marcia / fermata / arresto;Conducente;M;Illeso;0;;Non accertato;Inesploso
2458684;13;05/08/2015 09:15;Strada Urbana;VIA GIULIANO DA SANGALLO;da specificare;;;;prossimità via S. Pier Damiani;Scontro frontale fra veicoli in marcia;Rettilineo;Una carreggiata a doppio senso;Asciutto;Asfaltata;Orizzontale;Sereno;Normale;Buona;Ore Diurne;1;0;0;2;12.27301;41.73182;-1;1;Autovettura privata;In marcia / fermata / arresto;Conducente;M;Illeso;0;;Non accertato;Inesploso
2458684;13;05/08/2015 09:15;Strada Urbana;VIA GIULIANO DA SANGALLO;da specificare;;;;prossimità via S. Pier Damiani;Scontro frontale fra veicoli in marcia;Rettilineo;Una carreggiata a doppio senso;Asciutto;Asfaltata;Orizzontale;Sereno;Normale;Buona;Ore Diurne;1;0;0;2;12.27301;41.73182;-1;1;Autovettura privata;In marcia / fermata / arresto;Passeggero;M;Illeso;0;;Non accertato;Inesploso
2458684;13;05/08/2015 09:15;Strada Urbana;VIA GIULIANO DA SANGALLO;da specificare;;;;prossimità via S. Pier Damiani;Scontro frontale fra veicoli in marcia;Rettilineo;Una carreggiata a doppio senso;Asciutto;Asfaltata;Orizzontale;Sereno;Normale;Buona;Ore Diurne;1;0;0;2;12.27301;41.73182;-1;2;Motociclo a solo;In marcia / fermata / arresto;Conducente;M;Rimandato;0;NON DECEDUTO;Non accertato;
2458691;19;05/08/2015 09:00;Strada Urbana;VIA DELLA PINETA SACCHETTI;da specificare;;;;pross.tà Via La Nebbia;Tamponamento;Rettilineo;Due carreggiate;Asciutto;Asfaltata;Verticale ed orizzontale;Sereno;Normale;Buona;Ore Diurne;1;0;0;1;12.42638;41.92693;-1;1;Autovettura privata;In marcia / fermata / arresto;Conducente;F;Illeso;0;;Non accertato;Inesploso
2458691;19;05/08/2015 09:00;Strada Urbana;VIA DELLA PINETA SACCHETTI;da specificare;;;;pross.tà Via La Nebbia;Tamponamento;Rettilineo;Due carreggiate;Asciutto;Asfaltata;Verticale ed orizzontale;Sereno;Normale;Buona;Ore Diurne;1;0;0;1;12.42638;41.92693;-1;2;Motociclo a solo;In marcia / fermata / arresto;Conducente;M;Rimandato;0;NON DECEDUTO;Non accertato;
2458705;13;05/08/2015 11:10;Strada Urbana;PIAZZA S. LEONARDO DA PORTO MAURIZIO;in corrispondenza;;del civico n.;8;;Veicolo in marcia contro veicolo fermo;Rettilineo;Una carreggiata a senso unico di marcia;Asciutto;Asfaltata;Orizzontale;Sereno;Normale;Buona;Ore Diurne;0;0;0;3;12.36573;41.7833;-1;1;Autovettura privata;In marcia / fermata / arresto;Conducente;M;Illeso;0;;Non accertato;Inesploso
2458705;13;05/08/2015 11:10;Strada Urbana;PIAZZA S. LEONARDO DA PORTO MAURIZIO;in corrispondenza;;del civico n.;8;;Veicolo in marcia contro veicolo fermo;Rettilineo;Una carreggiata a senso unico di marcia;Asciutto;Asfaltata;Orizzontale;Sereno;Normale;Buona;Ore Diurne;0;0;0;3;12.36573;41.7833;-1;1;Autovettura privata;In marcia / fermata / arresto;Passeggero;F;Illeso;0;;Non accertato;Inesploso
2458705;13;05/08/2015 11:10;Strada Urbana;PIAZZA S. LEONARDO DA PORTO MAURIZIO;in corrispondenza;;del civico n.;8;;Veicolo in marcia contro veicolo fermo;Rettilineo;Una carreggiata a senso unico di marcia;Asciutto;Asfaltata;Orizzontale;Sereno;Normale;Buona;Ore Diurne;0;0;0;3;12.36573;41.7833;-1;2;Autovettura privata;In marcia / fermata / arresto;Conducente;F;Illeso;0;;Non accertato;Inesploso
2458710;13;05/08/2015 14:20;Strada Urbana;VIA DI MACCHIA SAPONARA;da specificare;;;;prossimità Via dei Pescatori;Scontro frontale/laterale SX fra veicoli in marcia;Rettilineo;Una carreggiata a doppio senso;Asciutto;Asfaltata;Verticale;Sereno;Intenso;Buona;Ore Diurne;1;0;0;2;12.36135;41.76156;-1;1;Autovettura privata;In marcia / fermata / arresto;Conducente;M;Illeso;0;;Non accertato;Inesploso
2458710;13;05/08/2015 14:20;Strada Urbana;VIA DI MACCHIA SAPONARA;da specificare;;;;prossimità Via dei Pescatori;Scontro frontale/laterale SX fra veicoli in marcia;Rettilineo;Una carreggiata a doppio senso;Asciutto;Asfaltata;Verticale;Sereno;Intenso;Buona;Ore Diurne;1;0;0;2;12.36135;41.76156;-1;2;Autobus di linea;In marcia / fermata / arresto;Conducente;M;Illeso;0;;Non accertato;Inesploso
2458710;13;05/08/2015 14:20;Strada Urbana;VIA DI MACCHIA SAPONARA;da specificare;;;;prossimità Via dei Pescatori;Scontro frontale/laterale SX fra veicoli in marcia;Rettilineo;Una carreggiata a doppio senso;Asciutto;Asfaltata;Verticale;Sereno;Intenso;Buona;Ore Diurne;1;0;0;2;12.36135;41.76156;-1;2;Autobus di linea;In marcia / fermata / arresto;Passeggero;M;Rimandato;0;NON DECEDUTO;Non accertato;Inesploso
2458714;19;05/08/2015 09:45;Strada Urbana;VIA DELLA PINETA SACCHETTI;da specificare;;;;pross.tà intersez. Via La Nebbia;Scontro laterale fra veicoli in marcia;Rettilineo;Due carreggiate;Asciutto;Asfaltata;Orizzontale;Sereno;Normale;Buona;Ore Diurne;0;0;0;3;12.42653;41.92673;-1;1;Autovettura privata;In marcia / fermata / arresto;Conducente;F;Illeso;0;;Non accertato;Inesploso
2458714;19;05/08/2015 09:45;Strada Urbana;VIA DELLA PINETA SACCHETTI;da specificare;;;;pross.tà intersez. Via La Nebbia;Scontro laterale fra veicoli in marcia;Rettilineo;Due carreggiate;Asciutto;Asfaltata;Orizzontale;Sereno;Normale;Buona;Ore Diurne;0;0;0;3;12.42653;41.92673;-1;1;Autovettura privata;In marcia / fermata / arresto;Passeggero;M;Illeso;0;;Non accertato;Inesploso
2458714;19;05/08/2015 09:45;Strada Urbana;VIA DELLA PINETA SACCHETTI;da specificare;;;;pross.tà intersez. Via La Nebbia;Scontro laterale fra veicoli in marcia;Rettilineo;Due carreggiate;Asciutto;Asfaltata;Orizzontale;Sereno;Normale;Buona;Ore Diurne;0;0;0;3;12.42653;41.92673;-1;2;Trattore stradale;In marcia / fermata / arresto;Conducente;M;Illeso;0;;Non accertato;Inesploso
2458718;19;05/08/2015 17:20;Strada Urbana;VIA ANDERSEN;in prossimità;;del civico n.;fronte 115;;Investimento di pedone;Rettilineo;Una carreggiata a doppio senso;Asciutto;Asfaltata;Orizzontale;Sereno;Normale;Buona;Ore Diurne;1;0;0;4;12.39917;41.92224;-1;;;;Pedone;F;Rimandato;0;NON DECEDUTO;;
2458718;19;05/08/2015 17:20;Strada Urbana;VIA ANDERSEN;in prossimità;;del civico n.;fronte 115;;Investimento di pedone;Rettilineo;Una carreggiata a doppio senso;Asciutto;Asfaltata;Orizzontale;Sereno;Normale;Buona;Ore Diurne;1;0;0;4;12.39917;41.92224;-1;1;Autovettura privata;In marcia / fermata / arresto;Conducente;M;Illeso;0;;Non accertato;Inesploso
2458718;19;05/08/2015 17:20;Strada Urbana;VIA ANDERSEN;in prossimità;;del civico n.;fronte 115;;Investimento di pedone;Rettilineo;Una carreggiata a doppio senso;Asciutto;Asfaltata;Orizzontale;Sereno;Normale;Buona;Ore Diurne;1;0;0;4;12.39917;41.92224;-1;1;Autovettura privata;In marcia / fermata / arresto;Passeggero;F;Illeso;0;;Non accertato;Inesploso
2458718;19;05/08/2015 17:20;Strada Urbana;VIA ANDERSEN;in prossimità;;del civico n.;fronte 115;;Investimento di pedone;Rettilineo;Una carreggiata a doppio senso;Asciutto;Asfaltata;Orizzontale;Sereno;Normale;Buona;Ore Diurne;1;0;0;4;12.39917;41.92224;-1;1;Autovettura privata;In marcia / fermata / arresto;Passeggero;M;Illeso;0;;Non accertato;Inesploso
2458718;19;05/08/2015 17:20;Strada Urbana;VIA ANDERSEN;in prossimità;;del civico n.;fronte 115;;Investimento di pedone;Rettilineo;Una carreggiata a doppio senso;Asciutto;Asfaltata;Orizzontale;Sereno;Normale;Buona;Ore Diurne;1;0;0;4;12.39917;41.92224;-1;1;Autovettura privata;In marcia / fermata / arresto;Passeggero;M;Illeso;0;;Non accertato;Inesploso
2458723;2;05/08/2015 07:40;Strada Urbana;VIALE PARIOLI;in prossimità;;del civico n.;206;;Scontro laterale fra veicoli in marcia;Curva a visuale libera;Due carreggiate;Asciutto;Asfaltata;Verticale ed orizzontale;Sereno;Scarso;Buona;Ore Diurne;1;0;0;1;12.48483;41.93031;-1;1;Motociclo a solo;In marcia / fermata / arresto;Conducente;M;Rimandato;0;NON DECEDUTO;Non accertato;
2458723;2;05/08/2015 07:40;Strada Urbana;VIALE PARIOLI;in prossimità;;del civico n.;206;;Scontro laterale fra veicoli in marcia;Curva a visuale libera;Due carreggiate;Asciutto;Asfaltata;Verticale ed orizzontale;Sereno;Scarso;Buona;Ore Diurne;1;0;0;1;12.48483;41.93031;-1;2;Autovettura privata;In marcia / fermata / arresto;Conducente;M;Illeso;0;;Non accertato;Inesploso
2458725;16;05/08/2015 04:00;Statale;VIA AURELIA;da specificare;;;;km. 19.900;Tamponamento;Rettilineo;Due carreggiate;Asciutto;Asfaltata;Assente;Sereno;Scarso;Sufficiente;Insufficiente;1;0;0;1;12.41273;41.89051;-1;1;Autovettura privata;In marcia / fermata / arresto;Conducente;F;Illeso;0;;Non accertato;
2458725;16;05/08/2015 04:00;Statale;VIA AURELIA;da specificare;;;;km. 19.900;Tamponamento;Rettilineo;Due carreggiate;Asciutto;Asfaltata;Assente;Sereno;Scarso;Sufficiente;Insufficiente;1;0;0;1;12.41273;41.89051;-1;2;Autovettura privata;In marcia / fermata / arresto;Conducente;F;Rimandato;0;NON DECEDUTO;Non accertato;
2458727;13;05/08/2015 12:40;Strada Urbana;VIA DELLE BALEARI;all'intersezione con;VIA DEI TRAGHETTI;VIA DEI TRAGHETTI;;;Scontro frontale/laterale DX fra veicoli in marcia;Incrocio;Una carreggiata a senso unico di marcia;Asciutto;Asfaltata;Orizzontale;Sereno;Normale;Buona;Ore Diurne;1;0;0;1;12.27944;41.73574;-1;1;Autovettura privata;In marcia / fermata / arresto;Conducente;F;Rimandato;0;NON DECEDUTO;Non accertato;Inesistente
2458727;13;05/08/2015 12:40;Strada Urbana;VIA DELLE BALEARI;all'intersezione con;VIA DEI TRAGHETTI;VIA DEI TRAGHETTI;;;Scontro frontale/laterale DX fra veicoli in marcia;Incrocio;Una carreggiata a senso unico di marcia;Asciutto;Asfaltata;Orizzontale;Sereno;Normale;Buona;Ore Diurne;1;0;0;1;12.27944;41.73574;-1;2;Autovettura privata;In marcia / fermata / arresto;Conducente;F;Illeso;0;;Non accertato;Inesploso
2458753;20;06/08/2015 00:20;Strada Urbana;VIA DI S. CORNELIA;in prossimità;;del civico n.;730;;Veicolo in marcia contro ostacolo accidentale;Rettilineo;Una carreggiata a doppio senso;Asciutto;Asfaltata;Orizzontale;Sereno;Scarso;Sufficiente;Inesistente;1;0;0;0;12.42577;42.04486;-1;1;Motociclo a solo;In marcia / fermata / arresto;Conducente;M;Rimandato;0;NON DECEDUTO;Non accertato;
2458759;7;05/08/2015 14:30;Strada Urbana;VIALE PALMIRO TOGLIATTI;da specificare;;;;prossimità palo luce 353;Scontro laterale fra veicoli in marcia;Rettilineo;Una carreggiata a senso unico di marcia;Asciutto;Asfaltata;Verticale ed orizzontale;Sereno;Normale;Buona;Ore Diurne;1;0;0;2;12.57455;41.8973;-1;1;Autocarro inferiore 35 q.;In marcia / fermata / arresto;Conducente;M;Illeso;0;;Non accertato;Inesploso
2458759;7;05/08/2015 14:30;Strada Urbana;VIALE PALMIRO TOGLIATTI;da specificare;;;;prossimità palo luce 353;Scontro laterale fra veicoli in marcia;Rettilineo;Una carreggiata a senso unico di marcia;Asciutto;Asfaltata;Verticale ed orizzontale;Sereno;Normale;Buona;Ore Diurne;1;0;0;2;12.57455;41.8973;-1;1;Autocarro inferiore 35 q.;In marcia / fermata / arresto;Passeggero;M;Illeso;0;;Non accertato;Inesploso
2458759;7;05/08/2015 14:30;Strada Urbana;VIALE PALMIRO TOGLIATTI;da specificare;;;;prossimità palo luce 353;Scontro laterale fra veicoli in marcia;Rettilineo;Una carreggiata a senso unico di marcia;Asciutto;Asfaltata;Verticale ed orizzontale;Sereno;Normale;Buona;Ore Diurne;1;0;0;2;12.57455;41.8973;-1;2;Motociclo a solo;In marcia / fermata / arresto;Conducente;M;Rifiuta cure immediate;0;NON DECEDUTO;Non accertato;
2458767;20;05/08/2015 10:00;Strada Urbana;VIA DI QUARTO PEPERINO;all'intersezione con;VIA JONAS EDWARD SALK;VIA JONAS EDWARD SALK;;;Veicolo in marcia contro veicolo in sosta;Rotatoria;Una carreggiata a doppio senso;Asciutto;Asfaltata;Orizzontale;Sereno;Scarso;Buona;Ore Diurne;0;0;0;1;12.4922;41.97715;-1;1;Autovettura privata;In marcia / fermata / arresto;Conducente;F;Illeso;0;;;
2458782;19;05/08/2015 18:00;Strada Urbana;VIA DI TORREVECCHIA;in prossimità;;del civico n.;21/b;;Veicolo in marcia contro veicolo in sosta;Rettilineo;Una carreggiata a doppio senso;Asciutto;Asfaltata;Orizzontale;Sereno;Normale;Buona;Ore Diurne;0;0;0;3;12.42247;41.93594;-1;1;Autovettura privata;In marcia / fermata / arresto;Conducente;M;Illeso;0;;Non accertato;Inesploso
2458782;19;05/08/2015 18:00;Strada Urbana;VIA DI TORREVECCHIA;in prossimità;;del civico n.;21/b;;Veicolo in marcia contro veicolo in sosta;Rettilineo;Una carreggiata a doppio senso;Asciutto;Asfaltata;Orizzontale;Sereno;Normale;Buona;Ore Diurne;0;0;0;3;12.42247;41.93594;-1;4;Autovettura privata;In marcia / fermata / arresto;Conducente;F;Illeso;0;;Non accertato;Inesploso
2458782;19;05/08/2015 18:00;Strada Urbana;VIA DI TORREVECCHIA;in prossimità;;del civico n.;21/b;;Veicolo in marcia contro veicolo in sosta;Rettilineo;Una carreggiata a doppio senso;Asciutto;Asfaltata;Orizzontale;Sereno;Normale;Buona;Ore Diurne;0;0;0;3;12.42247;41.93594;-1;4;Autovettura privata;In marcia / fermata / arresto;Passeggero;F;Illeso;0;;Non accertato;Inesploso
2458805;16;06/08/2015 08:50;Strada Urbana;VIA DI DONNA OLIMPIA;da specificare;;;;all'intersezione con VIA VIRGINIA JACOUCCI;Veicolo in marcia contro veicolo in sosta;Pianeggiante;Una carreggiata a doppio senso;Asciutto;Asfaltata;Verticale ed orizzontale;Sereno;Normale;Buona;Ore Diurne;0;0;0;2;12.45718;41.87369;-1;1;Autovettura privata;In marcia / fermata / arresto;Conducente;F;Illeso;0;;;
2458805;16;06/08/2015 08:50;Strada Urbana;VIA DI DONNA OLIMPIA;da specificare;;;;all'intersezione con VIA VIRGINIA JACOUCCI;Veicolo in marcia contro veicolo in sosta;Pianeggiante;Una carreggiata a doppio senso;Asciutto;Asfaltata;Verticale ed orizzontale;Sereno;Normale;Buona;Ore Diurne;0;0;0;2;12.45718;41.87369;-1;1;Autovettura privata;In marcia / fermata / arresto;Passeggero;F;Illeso;0;;;
2458823;13;05/08/2015 23:55;Strada Urbana;VIA ARISTIDE CARABELLI;all'intersezione con;VIA COSTANZO CASANA;VIA COSTANZO CASANA;;;Scontro frontale/laterale SX fra veicoli in marcia;Incrocio;Due carreggiate;Asciutto;Asfaltata;Verticale;Sereno;Scarso;Buona;Sufficiente;5;1;0;1;12.26852;41.73865;-1;1;Autovettura privata;In marcia / fermata / arresto;Conducente;M;Illeso;0;;Non accertato;Inesploso
2458823;13;05/08/2015 23:55;Strada Urbana;VIA ARISTIDE CARABELLI;all'intersezione con;VIA COSTANZO CASANA;VIA COSTANZO CASANA;;;Scontro frontale/laterale SX fra veicoli in marcia;Incrocio;Due carreggiate;Asciutto;Asfaltata;Verticale;Sereno;Scarso;Buona;Sufficiente;5;1;0;1;12.26852;41.73865;-1;1;Autovettura privata;In marcia / fermata / arresto;Passeggero;F;Rimandato;0;NON DECEDUTO;Non accertato;Inesploso