Protocollo;Gruppo;DataOraIncidente;Localizzazione1;STRADA1;Localizzazione2;STRADA2;Strada02;Chilometrica;DaSpecificare;NaturaIncidente;particolaritastrade;TipoStrada;FondoStradale;Pavimentazione;Segnaletica;CondizioneAtmosferica;Traffico;Visibilita;Illuminazione;NUM_FERITI;NUM_RISERVATA;NUM_MORTI;NUM_ILLESI;Longitudine;Latitudine;Confermato;Progressivo;TipoVeicolo;StatoVeicolo;TipoPersona;Sesso;Tipolesione;Deceduto;DecedutoDopo;CinturaCascoUtilizzato;Airbag
2462264;3;07/08/2015 05:50;Strada Urbana;PIAZZALE DELLA STAZIONE TIBURTINA;da specificare;;;;fronte capolinea atac 495 ;Infortunio per sola frenata improvvisa;Rettilineo;Una carreggiata a senso unico di marcia;Asciutto;Asfaltata;Verticale ed orizzontale;Nebbia;Intenso;Buona;Ore Diurne;0;0;0;1;12.53066;41.90995;-1;1;Motociclo a solo;In marcia / fermata / arresto;Conducente;M;Illeso;0;;Non accertato;
2462266;15;10/08/2015 11:20;Strada Urbana;VIA PORTUENSE;in corrispondenza;;del civico n.;856;;Infortunio per sola frenata improvvisa;Curva a visuale libera;Una carreggiata a doppio senso;Asciutto;Asfaltata;Orizzontale;Nuvoloso;Normale;Buona;Ore Diurne;1;0;0;1;12.4187;41.84787;-1;1;Motociclo a solo;In marcia / fermata / arresto;Conducente;M;Rimandato;0;NON DECEDUTO;;
2462266;15;10/08/2015 11:20;Strada Urbana;VIA PORTUENSE;in corrispondenza;;del civico n.;856;;Infortunio per sola frenata improvvisa;Curva a visuale libera;Una carreggiata a doppio senso;Asciutto;Asfaltata;Orizzontale;Nuvoloso;Normale;Buona;Ore Diurne;1;0;0;1;12.4187;41.84787;-1;2;Autovettura privata;In marcia / fermata / arresto;Conducente;M;Illeso;0;;;
2462268;3;07/08/2015 09:35;Strada Urbana;CIRCONVALLAZIONE NOMENTANA;all'intersezione semaforizzata con;LARGO RODOLFO LANCIANI;LARGO RODOLFO LANCIANI;;;Scontro laterale fra veicoli in marcia;Intersezione semaforizzata;Due carreggiate;Asciutto;Asfaltata;Verticale ed orizzontale;Sereno;Normale;Buona;Ore Diurne;0;0;0;3;12.52633;41.92129;-1;1;Autovettura privata;In marcia / fermata / arresto;Conducente;F;Illeso;0;;Non accertato;Inesploso
2462268;3;07/08/2015 09:35;Strada Urbana;CIRCONVALLAZIONE NOMENTANA;all'intersezione semaforizzata con;LARGO RODOLFO LANCIANI;LARGO RODOLFO LANCIANI;;;Scontro laterale fra veicoli in marcia;Intersezione semaforizzata;Due carreggiate;Asciutto;Asfaltata;Verticale ed orizzontale;Sereno;Normale;Buona;Ore Diurne;0;0;0;3;12.52633;41.92129;-1;1;Autovettura privata;In marcia / fermata / arresto;Passeggero;F;Illeso;0;;Non accertato;Inesploso
2462268;3;07/08/2015 09:35;Strada Urbana;CIRCONVALLAZIONE NOMENTANA;all'intersezione semaforizzata con;LARGO RODOLFO LANCIANI;LARGO RODOLFO LANCIANI;;;Scontro laterale fra veicoli in marcia;Intersezione semaforizzata;Due carreggiate;Asciutto;Asfaltata;Verticale ed orizzontale;Sereno;Normale;Buona;Ore Diurne;0;0;0;3;12.52633;41.92129;-1;2;Autovettura privata;In marcia / fermata / arresto;Conducente;M;Illeso;0;;Non accertato;Inesploso
2462289;18;03/08/2015 19:10;Strada Urbana;VIA DELLA STAZIONE DI S. PIETRO;in corrispondenza;;del civico n.;67;;Tamponamento;Rettilineo;Una carreggiata a doppio senso;Asciutto;Asfaltata;Verticale ed orizzontale;Sereno;Scarso;Buona;Ore Diurne;0;0;0;3;12.45552;41.89604;-1;1;Autovettura privata;In marcia / fermata / arresto;Conducente;M;Illeso;0;;Non accertato;Inesploso
2462289;18;03/08/2015 19:10;Strada Urbana;VIA DELLA STAZIONE DI S. PIETRO;in corrispondenza;;del civico n.;67;;Tamponamento;Rettilineo;Una carreggiata a doppio senso;Asciutto;Asfaltata;Verticale ed orizzontale;Sereno;Scarso;Buona;Ore Diurne;0;0;0;3;12.45552;41.89604;-1;2;Autovettura privata;In marcia / fermata / arresto;Conducente;M;Illeso;0;;Non accertato;Inesploso
2462289;18;03/08/2015 19:10;Strada Urbana;VIA DELLA STAZIONE DI S. PIETRO;in corrispondenza;;del civico n.;67;;Tamponamento;Rettilineo;Una carreggiata a doppio senso;Asciutto;Asfaltata;Verticale ed orizzontale;Sereno;Scarso;Buona;Ore Diurne;0;0;0;3;12.45552;41.89604;-1;2;Autovettura privata;In marcia / fermata / arresto;Passeggero;M;Illeso;0;;Non accertato;Inesploso
2462290;19;10/08/2015 14:00;Strada Urbana;VIA DI BOCCEA;da specificare;;;;palo acea nr 8;Scontro frontale fra veicoli in marcia;Curva a visuale libera;Una carreggiata a doppio senso;Bagnato (pioggia);Asfaltata;Orizzontale;Pioggia in atto;Normale;Buona;Ore Diurne;4;0;0;0;12.35678;41.9286;-1;1;Autovettura privata;In marcia / fermata / arresto;Conducente;M;Rimandato;0;NON DECEDUTO;Non accertato;Esploso
2462290;19;10/08/2015 14:00;Strada Urbana;VIA DI BOCCEA;da specificare;;;;palo acea nr 8;Scontro frontale fra veicoli in marcia;Curva a visuale libera;Una carreggiata a doppio senso;Bagnato (pioggia);Asfaltata;Orizzontale;Pioggia in atto;Normale;Buona;Ore Diurne;4;0;0;0;12.35678;41.9286;-1;2;Autovettura privata;In marcia / fermata / arresto;Conducente;M;Rimandato;0;NON DECEDUTO;Non accertato;Esploso
2462290;19;10/08/2015 14:00;Strada Urbana;VIA DI BOCCEA;da specificare;;;;palo acea nr 8;Scontro frontale fra veicoli in marcia;Curva a visuale libera;Una carreggiata a doppio senso;Bagnato (pioggia);Asfaltata;Orizzontale;Pioggia in atto;Normale;Buona;Ore Diurne;4;0;0;0;12.35678;41.9286;-1;2;Autovettura privata;In marcia / fermata / arresto;Passeggero;F;Rimandato;0;NON DECEDUTO;Non accertato;Esploso
2462290;19;10/08/2015 14:00;Strada Urbana;VIA DI BOCCEA;da specificare;;;;palo acea nr 8;Scontro frontale fra veicoli in marcia;Curva a visuale libera;Una carreggiata a doppio senso;Bagnato (pioggia);Asfaltata;Orizzontale;Pioggia in atto;Normale;Buona;Ore Diurne;4;0;0;0;12.35678;41.9286;-1;2;Autovettura privata;In marcia / fermata / arresto;Passeggero;M;Rimandato;0;NON DECEDUTO;Non accertato;Inesploso
2462293;10;10/08/2015 14:10;Strada Urbana;VIA DELLA STAZIONE DI CIAMPINO;all'intersezione con;VIA MONASTERACE;VIA MONASTERACE;;;Ribaltamento senza urto contro ostacolo fisso;Incrocio;Una carreggiata a doppio senso;Bagnato (pioggia);Asfaltata;Verticale ed orizzontale;Pioggia in atto;Scarso;Sufficiente;Ore Diurne;1;0;0;1;12.6157;41.81268;-1;1;Motociclo a solo;In marcia / fermata / arresto;Conducente;M;Ricoverato;0;NON DECEDUTO;Non accertato;
2462293;10;10/08/2015 14:10;Strada Urbana;VIA DELLA STAZIONE DI CIAMPINO;all'intersezione con;VIA MONASTERACE;VIA MONASTERACE;;;Ribaltamento senza urto contro ostacolo fisso;Incrocio;Una carreggiata a doppio senso;Bagnato (pioggia);Asfaltata;Verticale ed orizzontale;Pioggia in atto;Scarso;Sufficiente;Ore Diurne;1;0;0;1;12.6157;41.81268;-1;2;Autovettura privata;In marcia / fermata / arresto;Conducente;M;Illeso;0;;Non accertato;Inesploso
2462298;16;08/08/2015 14:15;Strada Urbana;VIA DEL FORTE BRAVETTA;in corrispondenza;;del civico n.;255;;Scontro frontale/laterale SX fra veicoli in marcia;Rettilineo;Una carreggiata a doppio senso;Asciutto;Asfaltata;Assente;Sereno;Scarso;Buona;Ore Diurne;0;0;0;2;12.43574;41.87521;-1;1;Autovettura privata;In marcia / fermata / arresto;Conducente;M;Illeso;0;;;
2462298;16;08/08/2015 14:15;Strada Urbana;VIA DEL FORTE BRAVETTA;in corrispondenza;;del civico n.;255;;Scontro frontale/laterale SX fra veicoli in marcia;Rettilineo;Una carreggiata a doppio senso;Asciutto;Asfaltata;Assente;Sereno;Scarso;Buona;Ore Diurne;0;0;0;2;12.43574;41.87521;-1;2;Autovettura privata;In marcia / fermata / arresto;Conducente;M;Illeso;0;;;Esploso
2462303;3;07/08/2015 20:30;Strada Urbana;VIA DELLA LEGA LOMBARDA;in prossimità;;del civico n.;54a;;Investimento di pedone;Rettilineo;Due carreggiate;Asciutto;Asfaltata;Verticale ed orizzontale;Sereno;Scarso;Sufficiente;Sufficiente;2;0;0;0;12.52515;41.90832;-1;;;;Pedone;M;Rimandato;0;NON DECEDUTO;;
2462303;3;07/08/2015 20:30;Strada Urbana;VIA DELLA LEGA LOMBARDA;in prossimità;;del civico n.;54a;;Investimento di pedone;Rettilineo;Due carreggiate;Asciutto;Asfaltata;Verticale ed orizzontale;Sereno;Scarso;Sufficiente;Sufficiente;2;0;0;0;12.52515;41.90832;-1;1;Motociclo a solo;In marcia / fermata / arresto;Conducente;M;Rimandato;0;NON DECEDUTO;Utilizzato;
2462316;18;03/08/2015 19:20;Statale;VIA SUOR MARIA AGOSTINA;all'intersezione con;VIA SARDIGLIANO;VIA SARDIGLIANO;;;Scontro laterale fra veicoli in marcia;Intersezione stradale segnalata;Una carreggiata a doppio senso;Asciutto;Asfaltata;Verticale ed orizzontale;Sereno;Normale;Buona;Ore Diurne;0;0;0;8;12.38577;41.90384;-1;1;Autovettura privata;In marcia / fermata / arresto;Conducente;M;Illeso;0;;Non accertato;Inesploso
2462316;18;03/08/2015 19:20;Statale;VIA SUOR MARIA AGOSTINA;all'intersezione con;VIA SARDIGLIANO;VIA SARDIGLIANO;;;Scontro laterale fra veicoli in marcia;Intersezione stradale segnalata;Una carreggiata a doppio senso;Asciutto;Asfaltata;Verticale ed orizzontale;Sereno;Normale;Buona;Ore Diurne;0;0;0;8;12.38577;41.90384;-1;1;Autovettura privata;In marcia / fermata / arresto;Passeggero;M;Illeso;0;;Non accertato;Inesploso
2462316;18;03/08/2015 19:20;Statale;VIA SUOR MARIA AGOSTINA;all'intersezione con;VIA SARDIGLIANO;VIA SARDIGLIANO;;;Scontro laterale fra veicoli in marcia;Intersezione stradale segnalata;Una carreggiata a doppio senso;Asciutto;Asfaltata;Verticale ed orizzontale;Sereno;Normale;Buona;Ore Diurne;0;0;0;8;12.38577;41.90384;-1;2;Autovettura privata;In marcia / fermata / arresto;Conducente;M;Illeso;0;;Non accertato;Inesploso
2462316;18;03/08/2015 19:20;Statale;VIA SUOR MARIA AGOSTINA;all'intersezione con;VIA SARDIGLIANO;VIA SARDIGLIANO;;;Scontro laterale fra veicoli in marcia;Intersezione stradale segnalata;Una carreggiata a doppio senso;Asciutto;Asfaltata;Verticale ed orizzontale;Sereno;Normale;Buona;Ore Diurne;0;0;0;8;12.38577;41.90384;-1;2;Autovettura privata;In marcia / fermata / arresto;Passeggero;F;Illeso;0;;Non accertato;Inesploso
2462316;18;03/08/2015 19:20;Statale;VIA SUOR MARIA AGOSTINA;all'intersezione con;VIA SARDIGLIANO;VIA SARDIGLIANO;;;Scontro laterale fra veicoli in marcia;Intersezione stradale segnalata;Una carreggiata a doppio senso;Asciutto;Asfaltata;Verticale ed orizzontale;Sereno;Normale;Buona;Ore Diurne;0;0;0;8;12.38577;41.90384;-1;2;Autovettura privata;In marcia / fermata / arresto;Passeggero;M;Illeso;0;;Non accertato;Inesploso
2462316;18;03/08/2015 19:20;Statale;VIA SUOR MARIA AGOSTINA;all'intersezione con;VIA SARDIGLIANO;VIA SARDIGLIANO;;;Scontro laterale fra veicoli in marcia;Intersezione stradale segnalata;Una carreggiata a doppio senso;Asciutto;Asfaltata;Verticale ed orizzontale;Sereno;Normale;Buona;Ore Diurne;0;0;0;8;12.38577;41.90384;-1;2;Autovettura privata;In marcia / fermata / arresto;Passeggero;M;Illeso;0;;Non accertato;Inesploso
2462316;18;03/08/2015 19:20;Statale;VIA SUOR MARIA AGOSTINA;all'intersezione con;VIA SARDIGLIANO;VIA SARDIGLIANO;;;Scontro laterale fra veicoli in marcia;Intersezione stradale segnalata;Una carreggiata a doppio senso;Asciutto;Asfaltata;Verticale ed orizzontale;Sereno;Normale;Buona;Ore Diurne;0;0;0;8;12.38577;41.90384;-1;2;Autovettura privata;In marcia / fermata / arresto;Passeggero;F;Illeso;0;;Non accertato;Inesploso
2462316;18;03/08/2015 19:20;Statale;VIA SUOR MARIA AGOSTINA;all'intersezione con;VIA SARDIGLIANO;VIA SARDIGLIANO;;;Scontro laterale fra veicoli in marcia;Intersezione stradale segnalata;Una carreggiata a doppio senso;Asciutto;Asfaltata;Verticale ed orizzontale;Sereno;Normale;Buona;Ore Diurne;0;0;0;8;12.38577;41.90384;-1;2;Autovettura privata;In marcia / fermata / arresto;Passeggero;F;Illeso;0;;Non accertato;Inesploso
2462324;16;08/08/2015 20:30;Strada Urbana;VIALE CITTA' D'EUROPA;da specificare;;;;FRONTE SCUOLA L. DA VINCI;Veicolo in marcia contro ostacolo fisso;Curva senza visuale libera;Una carreggiata a doppio senso;Asciutto;Asfaltata;Verticale ed orizzontale;Nuvoloso;Normale;Buona;Ore Diurne;0;0;0;2;12.49637;41.90278;-1;1;Autovettura privata;In marcia / fermata / arresto;Conducente;M;Illeso;0;;;
2462324;16;08/08/2015 20:30;Strada Urbana;VIALE CITTA' D'EUROPA;da specificare;;;;FRONTE SCUOLA L. DA VINCI;Veicolo in marcia contro ostacolo fisso;Curva senza visuale libera;Una carreggiata a doppio senso;Asciutto;Asfaltata;Verticale ed orizzontale;Nuvoloso;Normale;Buona;Ore Diurne;0;0;0;2;12.49637;41.90278;-1;1;Autovettura privata;In marcia / fermata / arresto;Passeggero;F;Illeso;0;;;
2462371;16;08/08/2015 22:00;Strada Urbana;VIA PORTUENSE;in corrispondenza;;del civico n.;1438;;Scontro frontale/laterale DX fra veicoli in marcia;Rettilineo;Una carreggiata a doppio senso;Asciutto;Asfaltata;Verticale;Sereno;Scarso;Sufficiente;Sufficiente;0;0;0;2;12.34609;41.81792;-1;1;Autovettura privata;In marcia / fermata / arresto;Conducente;M;Illeso;0;;;
2462371;16;08/08/2015 22:00;Strada Urbana;VIA PORTUENSE;in corrispondenza;;del civico n.;1438;;Scontro frontale/laterale DX fra veicoli in marcia;Rettilineo;Una carreggiata a doppio senso;Asciutto;Asfaltata;Verticale;Sereno;Scarso;Sufficiente;Sufficiente;0;0;0;2;12.34609;41.81792;-1;2;Autovettura privata;In marcia / fermata / arresto;Conducente;M;Illeso;0;;;Esploso
2462375;18;04/08/2015 15:00;Strada Urbana;VIA DELLA MAGLIANELLA;in prossimità;;del civico n.;206;;Scontro frontale fra veicoli in marcia;Rettilineo;Una carreggiata a doppio senso;Asciutto;Asfaltata;Assente;Sereno;Normale;Buona;Ore Diurne;1;0;0;1;12.38204;41.90375;-1;1;Autovettura privata;In marcia / fermata / arresto;Conducente;M;Illeso;0;;Non accertato;Inesploso
2462375;18;04/08/2015 15:00;Strada Urbana;VIA DELLA MAGLIANELLA;in prossimità;;del civico n.;206;;Scontro frontale fra veicoli in marcia;Rettilineo;Una carreggiata a doppio senso;Asciutto;Asfaltata;Assente;Sereno;Normale;Buona;Ore Diurne;1;0;0;1;12.38204;41.90375;-1;2;Motociclo a solo;In marcia / fermata / arresto;Conducente;M;Rimandato;0;NON DECEDUTO;Non accertato;
2462383;16;09/08/2015 22:15;Strada Urbana;VIALE DEI COLLI PORTUENSI;in corrispondenza;;del civico n.;537;;Scontro laterale fra veicoli in marcia;Curva senza visuale libera;Una carreggiata a senso unico di marcia;Asciutto;Asfaltata;Verticale ed orizzontale;Sereno;Scarso;Buona;Sufficiente;2;0;0;1;12.44348;41.85953;-1;1;Motociclo a solo;In marcia / fermata / arresto;Conducente;M;Rimandato;0;NON DECEDUTO;Non accertato;
2462383;16;09/08/2015 22:15;Strada Urbana;VIALE DEI COLLI PORTUENSI;in corrispondenza;;del civico n.;537;;Scontro laterale fra veicoli in marcia;Curva senza visuale libera;Una carreggiata a senso unico di marcia;Asciutto;Asfaltata;Verticale ed orizzontale;Sereno;Scarso;Buona;Sufficiente;2;0;0;1;12.44348;41.85953;-1;2;Autovettura privata;In marcia / fermata / arresto;Conducente;F;Illeso;0;;Non accertato;
2462383;16;09/08/2015 22:15;Strada Urbana;VIALE DEI COLLI PORTUENSI;in corrispondenza;;del civico n.;537;;Scontro laterale fra veicoli in marcia;Curva senza visuale libera;Una carreggiata a senso unico di marcia;Asciutto;Asfaltata;Verticale ed orizzontale;Sereno;Scarso;Buona;Sufficiente;2;0;0;1;12.44348;41.85953;-1;2;Autovettura privata;In marcia / fermata / arresto;Passeggero;F;Rimandato;0;NON DECEDUTO;Non accertato;
2462397;20;10/08/2015 14:15;Strada Urbana;VIA DELLA STAZIONE DI CESANO;all'intersezione con;VIA DI PRATO CORAZZA;VIA DI PRATO CORAZZA;;;Scontro frontale/laterale SX fra veicoli in marcia;Intersezione stradale segnalata;Una carreggiata a doppio senso;Bagnato (pioggia);Asfaltata;Verticale ed orizzontale;Pioggia in atto;Normale;Sufficiente;Ore Diurne;0;0;0;2;12.32734;42.06248;-1;1;Autovettura privata;In marcia / fermata / arresto;Conducente;F;Illeso;0;;Non accertato;Inesploso
2462397;20;10/08/2015 14:15;Strada Urbana;VIA DELLA STAZIONE DI CESANO;all'intersezione con;VIA DI PRATO CORAZZA;VIA DI PRATO CORAZZA;;;Scontro frontale/laterale SX fra veicoli in marcia;Intersezione stradale segnalata;Una carreggiata a doppio senso;Bagnato (pioggia);Asfaltata;Verticale ed orizzontale;Pioggia in atto;Normale;Sufficiente;Ore Diurne;0;0;0;2;12.32734;42.06248;-1;2;Ciclomotore;In marcia / fermata / arresto;Conducente;M;Illeso;0;;Non accertato;
2462416;6;10/08/2015 17:30;Altra strada;VIA SAN GIUSTO;da specificare;;;;civ. 7 interno area cortilizia;Scontro frontale/laterale DX fra veicoli in marcia;Rettilineo;Una carreggiata a doppio senso;Asciutto;Asfaltata;Assente;Sereno;Scarso;Buona;Ore Diurne;1;0;0;1;12.56094;41.89766;-1;1;Autovettura privata;In marcia / fermata / arresto;Conducente;M;Illeso;0;;Non accertato;Inesploso
2462416;6;10/08/2015 17:30;Altra strada;VIA SAN GIUSTO;da specificare;;;;civ. 7 interno area cortilizia;Scontro frontale/laterale DX fra veicoli in marcia;Rettilineo;Una carreggiata a doppio senso;Asciutto;Asfaltata;Assente;Sereno;Scarso;Buona;Ore Diurne;1;0;0;1;12.56094;41.89766;-1;2;Velocipede;In marcia / fermata / arresto;Conducente;M;Ricoverato;0;NON DECEDUTO;Esente;
2462434;18;04/08/2015 14:30;Strada Urbana;VIA DI CASALOTTI;da specificare;;;;in prossimità di Via DI BOCCEA;Scontro laterale fra veicoli in marcia;Rettilineo;Una carreggiata a doppio senso;Asciutto;Asfaltata;Verticale ed orizzontale;Sereno;Scarso;Buona;Ore Diurne;0;0;0;2;12.37716;41.91857;-1;1;Autovettura privata;In marcia / fermata / arresto;Conducente;F;Illeso;0;;;
2462434;18;04/08/2015 14:30;Strada Urbana;VIA DI CASALOTTI;da specificare;;;;in prossimità di Via DI BOCCEA;Scontro laterale fra veicoli in marcia;Rettilineo;Una carreggiata a doppio senso;Asciutto;Asfaltata;Verticale ed orizzontale;Sereno;Scarso;Buona;Ore Diurne;0;0;0;2;12.37716;41.91857;-1;2;Motociclo a solo;In marcia / fermata / arresto;Conducente;M;Illeso;0;;;
2462438;18;04/08/2015 19:10;Strada Urbana;VIA GREGORIO VII;da specificare;;;;FRONTE CIVICO 512;Scontro laterale fra veicoli in marcia;Rettilineo;Più di due carreggiate;Asciutto;Asfaltata;Verticale;Sereno;Scarso;Buona;Ore Diurne;0;0;0;2;12.44042;41.89603;-1;1;Autovettura privata;In marcia / fermata / arresto;Conducente;F;Illeso;0;;Non accertato;Inesploso
2462438;18;04/08/2015 19:10;Strada Urbana;VIA GREGORIO VII;da specificare;;;;FRONTE CIVICO 512;Scontro laterale fra veicoli in marcia;Rettilineo;Più di due carreggiate;Asciutto;Asfaltata;Verticale;Sereno;Scarso;Buona;Ore Diurne;0;0;0;2;12.44042;41.89603;-1;2;Autobus turistico;In marcia / fermata / arresto;Conducente;M;Illeso;0;;Non accertato;Inesploso
2462440;19;10/08/2015 15:15;Strada Urbana;VIA TRIONFALE;in corrispondenza;;del civico n.;7515;;Ribaltamento senza urto contro ostacolo fisso;Curva a visuale libera;Una carreggiata a senso unico di marcia;Bagnato (pioggia);Asfaltata;Verticale ed orizzontale;Pioggia in atto;Normale;Buona;Ore Diurne;0;0;0;2;12.43449;41.93513;-1;1;Autovettura privata;In marcia / fermata / arresto;Conducente;M;Illeso;0;;Non accertato;Inesploso
2462440;19;10/08/2015 15:15;Strada Urbana;VIA TRIONFALE;in corrispondenza;;del civico n.;7515;;Ribaltamento senza urto contro ostacolo fisso;Curva a visuale libera;Una carreggiata a senso unico di marcia;Bagnato (pioggia);Asfaltata;Verticale ed orizzontale;Pioggia in atto;Normale;Buona;Ore Diurne;0;0;0;2;12.43449;41.93513;-1;1;Autovettura privata;In marcia / fermata / arresto;Passeggero;F;Illeso;0;;Non accertato;Inesploso
2462441;13;10/08/2015 13:40;Strada Urbana;VIA DI CASAL PALOCCO;in corrispondenza;;del civico n.;30;;Investimento di pedone;Rettilineo;Una carreggiata a doppio senso;Bagnato (pioggia);Asfaltata;Orizzontale;Pioggia in atto;Normale;Buona;Ore Diurne;1;0;0;1;12.35676;41.7464;-1;;;;Pedone;F;Rimandato;0;NON DECEDUTO;;
2462441;13;10/08/2015 13:40;Strada Urbana;VIA DI CASAL PALOCCO;in corrispondenza;;del civico n.;30;;Investimento di pedone;Rettilineo;Una carreggiata a doppio senso;Bagnato (pioggia);Asfaltata;Orizzontale;Pioggia in atto;Normale;Buona;Ore Diurne;1;0;0;1;12.35676;41.7464;-1;1;Autovettura privata;In marcia / fermata / arresto;Conducente;M;Illeso;0;;Non accertato;Inesploso
2462455;6;10/08/2015 18:10;Strada Urbana;VIALE FILARETE;all'intersezione con;VIA GALEAZZO ALESSI;VIA GALEAZZO ALESSI;;;Scontro frontale/laterale SX fra veicoli in marcia;Intersezione stradale segnalata;Due carreggiate;Asciutto;Asfaltata;Verticale ed orizzontale;Nuvoloso;Normale;Buona;Ore Diurne;1;0;0;1;12.53865;41.87945;-1;1;Autovettura privata;In marcia / fermata / arresto;Conducente;F;Illeso;0;;Non accertato;Inesploso
2462455;6;10/08/2015 18:10;Strada Urbana;VIALE FILARETE;all'intersezione con;VIA GALEAZZO ALESSI;VIA GALEAZZO ALESSI;;;Scontro frontale/laterale SX fra veicoli in marcia;Intersezione stradale segnalata;Due carreggiate;Asciutto;Asfaltata;Verticale ed orizzontale;Nuvoloso;Normale;Buona;Ore Diurne;1;0;0;1;12.53865;41.87945;-1;2;Autovettura privata;In marcia / fermata / arresto;Conducente;M;Rifiuta cure immediate;0;NON DECEDUTO;Non accertato;Inesploso
2462460;12;10/08/2015 11:40;Strada Urbana;VIA FRASSINORO;in corrispondenza;;del civico n.;21;;Veicolo in marcia contro veicoli in sosta;Rettilineo;Una carreggiata a senso unico di marcia;Asciutto;Asfaltata;Verticale ed orizzontale;Nuvoloso;Normale;Buona;Ore Diurne;0;0;1;0;12.41346;41.78933;-1;1;Autovettura privata;In marcia / fermata / arresto;Conducente;M;Ricoverato;0;DECEDUTO ENTRO LE DODICI ORE;Non accertato;Inesploso
2462474;13;10/08/2015 13:00;Strada Urbana;VIA DEL CANALE DELLA LINGUA;da specificare;;;;altezza Via del Fosso di Dragoncello;Scontro frontale/laterale SX fra veicoli in marcia;Curva a visuale libera;Una carreggiata a doppio senso;Bagnato (pioggia);Asfaltata;Assente;Pioggia in atto;Normale;Buona;Ore Diurne;3;0;0;1;12.34033;41.74122;-1;1;Autocarro inferiore 35 q.;In marcia / fermata / arresto;Conducente;M;Illeso;0;;Non accertato;Inesploso
2462474;13;10/08/2015 13:00;Strada Urbana;VIA DEL CANALE DELLA LINGUA;da specificare;;;;altezza Via del Fosso di Dragoncello;Scontro frontale/laterale SX fra veicoli in marcia;Curva a visuale libera;Una carreggiata a doppio senso;Bagnato (pioggia);Asfaltata;Assente;Pioggia in atto;Normale;Buona;Ore Diurne;3;0;0;1;12.34033;41.74122;-1;2;Autovettura privata;In marcia / fermata / arresto;Conducente;F;Rimandato;0;NON DECEDUTO;Non accertato;Inesploso
2462474;13;10/08/2015 13:00;Strada Urbana;VIA DEL CANALE DELLA LINGUA;da specificare;;;;altezza Via del Fosso di Dragoncello;Scontro frontale/laterale SX fra veicoli in marcia;Curva a visuale libera;Una carreggiata a doppio senso;Bagnato (pioggia);Asfaltata;Assente;Pioggia in atto;Normale;Buona;Ore Diurne;3;0;0;1;12.34033;41.74122;-1;2;Autovettura privata;In marcia / fermata / arresto;Passeggero;M;Rimandato;0;NON DECEDUTO;Non accertato;Inesploso
2462474;13;10/08/2015 13:00;Strada Urbana;VIA DEL CANALE DELLA LINGUA;da specificare;;;;altezza Via del Fosso di Dragoncello;Scontro frontale/laterale SX fra veicoli in marcia;Curva a visuale libera;Una carreggiata a doppio senso;Bagnato (pioggia);Asfaltata;Assente;Pioggia in atto;Normale;Buona;Ore Diurne;3;0;0;1;12.34033;41.74122;-1;2;Autovettura privata;In marcia / fermata / arresto;Passeggero;F;Rimandato;0;NON DECEDUTO;Non accertato;Inesploso
2462477;7;10/08/2015 17:00;Provinciale entro l'abitato;VIA PRENESTINA;all'intersezione semaforizzata con;VIALE PALMIRO TOGLIATTI;VIALE PALMIRO TOGLIATTI;;;Scontro laterale fra veicoli in marcia;Intersezione semaforizzata;Una carreggiata a doppio senso;Asciutto;Asfaltata;Verticale ed orizzontale;Nuvoloso;Normale;Buona;Ore Diurne;0;0;0;2;12.57518;41.89495;-1;1;Autovettura privata;In marcia / fermata / arresto;Conducente;M;Illeso;0;;Non accertato;Inesploso
2462477;7;10/08/2015 17:00;Provinciale entro l'abitato;VIA PRENESTINA;all'intersezione semaforizzata con;VIALE PALMIRO TOGLIATTI;VIALE PALMIRO TOGLIATTI;;;Scontro laterale fra veicoli in marcia;Intersezione semaforizzata;Una carreggiata a doppio senso;Asciutto;Asfaltata;Verticale ed orizzontale;Nuvoloso;Normale;Buona;Ore Diurne;0;0;0;2;12.57518;41.89495;-1;2;Autocarro superiore 35 q.;In marcia / fermata / arresto;Conducente;M;Illeso;0;;Non accertato;Inesploso
2462479;12;10/08/2015 13:30;Strada Urbana;VIADOTTO DELLA MAGLIANA;da specificare;;;;Altezza via del Cappellaccio (Direzione Fiumicino);Veicolo in marcia contro ostacolo fisso;Curva senza visuale libera;Due carreggiate;Bagnato (pioggia);Asfaltata;Verticale ed orizzontale;Nuvoloso;Normale;Buona;Ore Diurne;1;0;0;0;12.45928;41.83863;-1;1;Autovettura privata;In marcia / fermata / arresto;Conducente;M;Ricoverato;0;NON DECEDUTO;Non accertato;
2462482;18;05/08/2015 17:00;Strada Urbana;CIRCONVALLAZIONE AURELIA;in corrispondenza;;del civico n.;66;;Tamponamento Multiplo;Rettilineo;Due carreggiate;Asciutto;Asfaltata;Verticale ed orizzontale;Sereno;Normale;Buona;Ore Diurne;0;0;0;3;12.42826;41.89658;-1;1;Autovettura privata;In marcia / fermata / arresto;Conducente;F;Illeso;0;;Non accertato;Inesploso